id;title;description;completed;created_date;user_id
1;consequently recrudesce abaft;blanch sans harden;true;2025-07-23T00:36:33;miserably although
2;mmm coral warm;beside apud rediscovery;true;2025-07-22T23:39:22;code into macaw
3;favorable efficacy why;anti ew yahoo;false;2025-07-23T03:18:59;after cheapen restfully
4;save unruly;very knowingly mockingly;false;2025-07-22T23:27:06;forenenst tidy within
5;acrobatic so;bah;true;2025-07-23T07:08:10;mime or
6;now;geez sprinter;true;2025-07-23T00:45:20;honeymoon refrain
7;experiment even;that quirkily;true;2025-07-23T04:45:18;once
8;surprisingly off till;where vanquish through;false;2025-07-23T04:08:42;than oof
9;which;aha knottily questionably;true;2025-07-23T10:45:35;fugato
10;and;hefty;false;2025-07-23T09:16:12;yellow continually
