id;title;description;completed;created_date
1;while;grasp;true;2025-07-22T09:48:01
2;unwelcome;legitimize over now;false;2025-07-22T12:50:07
3;youthfully;after rage so;true;2025-07-22T12:55:05
4;provided debunk psst;eek tributary graphic;true;2025-07-22T06:21:27
5;aw indeed;at mollify majestically;false;2025-07-21T21:57:02
6;profitable tedious;yawningly;false;2025-07-21T23:53:49
7;afore;duh mining wherever;false;2025-07-21T22:35:01
8;valiantly;balance;false;2025-07-22T10:52:42
9;circa beyond;amongst including;true;2025-07-22T16:11:22
10;despite;after hence;false;2025-07-21T19:21:59
